OrderID,OrderDate,CustomerName,Region,ProductCategory,ProductName,Quantity,UnitPrice,Discount,SalesRep,,,,
ORD-001,11/23/2026,Pied Piper,South,Furniture,Ergonomic Chair,18,70.85,0.15,Jordan Lee,,,,
ORD-002,01/16/2026,TechNova,N,Electronics,Bluetooth Speaker,14,84.94,0.1,Jordan Lee,,,,
ORD-003,03/22/2026,Stark Ind,South,Electronics,USB-C Hub,13,42.87,0.1,Maria Chen,,,,
ORD-004,01/15/2026,Bluth Company,N,Electronics,Bluetooth Speaker,10,291.99,0.1,Maria Chen,,,,
ORD-005,08/04/2026,,East,Electronics,USB-C Hub,13,104.5,0.1,Priya Sharma,,,,
ORD-006,07/08/2026,Initech,S,Electronics,Power Bank,13,101.77,0.05,Alex Kim,,,,
ORD-007,01/29/2026,Oceanic Airlines,West,Electronics,Keyboard,19,307.95,0.1,Priya Sharma,,,,
ORD-008,12/01/2026,Massive Dynamic,South,Electronics,Keyboard,18,193.24,0.15,Maria Chen,,,,
ORD-009,07/23/2026,Stark Ind,West,Electronics,USB-C Hub,5,223.32,0.15,Maria Chen,,,,
ORD-010,02/02/2026,Massive Dynamic,East,Furniture,Ergonomic Chair,18,382.9,0.1,Jordan Lee,,,,
ORD-011,05/30/2026,Dunder Mifflin,South,Furniture,Bookshelf,17,316.21,0,Alex Kim,,,,
ORD-012,03/23/2026,Sterling Cooper,N,Office Supplies,Highlighter Set,1,13.61,0.1,Alex Kim,,,,
ORD-013,05/02/2026,Initech,N,Electronics,Bluetooth Speaker,5,53.64,0.2,Maria Chen,,,,
ORD-014,03/25/2026,Soylent Corp,South,Furniture,Bookshelf,13,497.71,0.1,Sam Okafor,,,,
ORD-015,09/21/2026,Initech,East,Furniture,Drawer Unit,8,306.56,0,Jordan Lee,,,,
ORD-016,12/28/2026,Globex Inc,East,Furniture,Filing Cabinet,9,344.41,0.05,Maria Chen,,,,
ORD-017,08/03/2026,Vandelay Industries,West,Office Supplies,Paper Ream,7,12.1,0.15,Alex Kim,,,,
ORD-018,08/04/2026,Globex Inc,North,Office Supplies,Desk Organizer,4,25.37,0.05,Maria Chen,,,,
ORD-019,08/17/2026,Massive Dynamic,South,Office Supplies,Tape Dispenser,4,8.34,0,Jordan Lee,,,,
ORD-020,05/01/2026,Hooli,West,Electronics,HDMI Cable,1,345,0.1,Sam Okafor,,,,
ORD-021,05/26/2026,Bluth Company,West,Electronics,Webcam HD,7,339.35,0,Alex Kim,,,,
ORD-022,01/30/2026,Sterling Cooper,South,Furniture,Ergonomic Chair,6,62.2,0,Priya Sharma,,,,
ORD-023,07/25/2026,Pied Piper,N,Electronics,HDMI Cable,19,202.17,0.1,Alex Kim,,,,
ORD-024,04/14/2026,Dunder Mifflin,West,Furniture,Bookshelf,15,178.59,0,Jordan Lee,,,,
ORD-025,08/22/2026,Umbrella LLC,N,Electronics,Bluetooth Speaker,9,55.03,0.1,Jordan Lee,,,,
ORD-026,05/05/2026,Bluth Company,East,Furniture,Drawer Unit,10,467.92,0,Priya Sharma,,,,
ORD-027,05/15/2026,Bluth Company,South,Office Supplies,Scissors,7,65.7,0.05,Alex Kim,,,,
ORD-028,09/15/2026,Globex Inc,N,Office Supplies,Notebook Pack,1,32.68,0,Alex Kim,,,,
ORD-029, 03/23/2026,Soylent Corp,North,Electronics,"Monitor 27""",18,22.24,0.1,Maria Chen,,,,
ORD-030,10/09/2026,Wonka Industries,East,Office Supplies,Sticky Notes,8,61.35,0.1,Maria Chen,,,,
ORD-031,07/27/2026,Pied Piper,South,Office Supplies,Notebook Pack,6,67.33,0.1,Sam Okafor,,,,
ORD-032,12/08/2026,Dunder Mifflin,South,Office Supplies,Notebook Pack,16,23.12,0.2,Alex Kim,,,,
ORD-033,05/06/2026,Pied Piper,North,Office Supplies,Desk Organizer,9,78.32,0.1,Alex Kim,,,,
ORD-034,11/24/2026,Bluth Company,East,Electronics,Webcam HD,6,207.39,0.1,Jordan Lee,,,,
ORD-035,02/25/2026,Oceanic Airlines,W,Furniture,Ergonomic Chair,13,452.76,0.05,Alex Kim,,,,
ORD-036,01/23/2026,,South,Office Supplies,Pen Set,11,57.58,0,Alex Kim,,,,
ORD-037,09/16/2026,Cyberdyne Systems,East,Electronics,HDMI Cable,13,240.28,0,Maria Chen,,,,
ORD-038,10/18/2026,Acme Corp,East,Electronics,HDMI Cable,19,216.25,0.1,Sam Okafor,,,,
ORD-039,08/14/2026,Prestige Worldwide,South,Office Supplies,Tape Dispenser,20,32.82,0.05,Alex Kim,,,,
ORD-040,04/25/2026,Globex Inc,S,Furniture,Ergonomic Chair,15,224.78,0.05,Sam Okafor,,,,
ORD-041,09/10/2026,Acme Corp,N,Electronics,"Monitor 27""",17,167.94,0.05,Jordan Lee,,,,
ORD-042,08/21/2026,Sterling Cooper,E,Furniture,Drawer Unit,14,420.36,0.2,Priya Sharma,,,,
ORD-043,08/31/2026,Dunder Mifflin,West,Office Supplies,Highlighter Set,3,65.35,0.05,Alex Kim,,,,
ORD-044,06/20/2026,Stark Ind,South,Office Supplies,Whiteboard,7,9.51,0.15,Alex Kim,,,,
ORD-045,10/04/2026,Soylent Corp,W,Furniture,Standing Desk,19,208.77,0,Alex Kim,,,,
ORD-046,01/06/2026,Soylent Corp,S,Electronics,Webcam HD,14,175.11,0.15,Alex Kim,,,,
ORD-047,12/08/2026,Wayne Enterprises,West,Furniture,Drawer Unit,1,456.25,0,Jordan Lee,,,,
ORD-048,11/25/2026,Wayne Enterprises,North,Office Supplies,Desk Organizer,7,43.09,0.1,Sam Okafor,,,,
ORD-049,05/22/2026,Dunder Mifflin,N,Electronics,Bluetooth Speaker,2,349.96,0.1,Priya Sharma,,,,
ORD-050,11/28/2026,Globex Inc,North,Electronics,Wireless Mouse,20,61.8,0,Sam Okafor,,,,
ORD-051,12/08/2026,Massive Dynamic,East,Electronics,USB Drive 64GB,20,337.66,0,Priya Sharma,,,,
ORD-052,06/08/2026,,E,Office Supplies,Sticky Notes,3,54.91,0.05,Jordan Lee,,,,
ORD-053,12/22/2026,TechNova,N,Electronics,Laptop Stand,18,155.64,0.1,Jordan Lee,,,,
ORD-054,09/16/2026,,W,Electronics,HDMI Cable,12,226.09,0.2,Priya Sharma,,,,
ORD-055,08/10/2026,Dunder Mifflin,W,Office Supplies,Scissors,9,31.71,0.05,Jordan Lee,,,,
ORD-056,05/22/2026,Massive Dynamic,West,Electronics,Power Bank,11,71.82,0.05,Alex Kim,,,,
ORD-057,05/12/2026,Dunder Mifflin,N,Electronics,USB-C Hub,8,254.82,0.2,Maria Chen,,,,
ORD-058,05/03/2026,Prestige Worldwide,West,Electronics,Webcam HD,8,147.49,0.05,Alex Kim,,,,
ORD-059,12/05/2026,Sterling Cooper,E,Furniture,Drawer Unit,11,195.34,0.2,Alex Kim,,,,
ORD-060,06/05/2026,Hooli,East,Furniture,Drawer Unit,6,120.01,0.2,Alex Kim,,,,
ORD-061,10/28/2026,Wonka Industries,North,Office Supplies,Sticky Notes,12,19.42,0,Maria Chen,,,,
ORD-062,03/05/2026,Bluth Company,East,Furniture,Cable Tray,4,440.17,0.1,Sam Okafor,,,,
ORD-063,09/02/2026,Globex Inc,E,Electronics,USB-C Hub,13,177.18,0,Priya Sharma,,,,
ORD-064,03/17/2026,Initech,South,Furniture,Footrest,20,310.17,0.05,Maria Chen,,,,
ORD-065,07/13/2026,Vandelay Industries,West,Furniture,Coat Rack,2,316.52,0,Priya Sharma,,,,
ORD-066,11/16/2026,Wayne Enterprises,South,Furniture,Ergonomic Chair,6,31.25,0.2,Maria Chen,,,,
ORD-067,08/28/2026,Wonka Industries,West,Furniture,Filing Cabinet,9,400.27,0.05,Sam Okafor,,,,
ORD-068,02/28/2026,Dunder Mifflin,South,Electronics,"Monitor 27""",10,212.3,0.1,Sam Okafor,,,,
ORD-069,03/04/2026,Cyberdyne Systems,E,Office Supplies,Pen Set,20,7.42,0.15,Alex Kim,,,,
ORD-070,11/05/2026,Vandelay Industries,North,Furniture,Standing Desk,6,251.13,0.2,Alex Kim,,,,
ORD-071,04/02/2026,Prestige Worldwide,N,Office Supplies,Paper Ream,11,31.6,0,Priya Sharma,,,,
ORD-072,06/17/2026,Cyberdyne Systems,N,Electronics,Laptop Stand,9,119.9,0.15,Maria Chen,,,,
ORD-073,01/01/2026,Soylent Corp,North,Furniture,Desk Lamp,20,385.52,0.2,Jordan Lee,,,,
ORD-074,04/14/2026,Wonka Industries,W,Electronics,Wireless Mouse,20,281.76,0,Alex Kim,,,,
ORD-075,10/09/2026,Pied Piper,N,Electronics,"Monitor 27""",16,327.09,0.1,Maria Chen,,,,
ORD-076,12/27/2026,Prestige Worldwide,S,Furniture,Monitor Arm,13,119.58,0,Jordan Lee,,,,
ORD-077,05/21/2026,Oceanic Airlines,East,Office Supplies,Binder Clips,19,53.86,0.2,Priya Sharma,,,,
ORD-078,08/16/2026,Bluth Company,W,Office Supplies,Sticky Notes,8,53.16,0.05,Sam Okafor,,,,
ORD-079,01/23/2026,Cyberdyne Systems,West,Office Supplies,Notebook Pack,5,47.19,0.1,Jordan Lee,,,,
ORD-080,08/13/2026,Acme Corp,S,Furniture,Monitor Arm,3,250.65,0.1,Alex Kim,,,,
ORD-081,11/15/2026,Oceanic Airlines,West,Furniture,Cable Tray,18,46.86,0,Priya Sharma,,,,
ORD-082,11/19/2026,Pied Piper,N,Electronics,USB-C Hub,15,66.55,0.1,Jordan Lee,,,,
ORD-083,01/24/2026,Tyrell Corp,E,Electronics,Keyboard,17,150.09,0,Priya Sharma,,,,
ORD-084,03/30/2026,TechNova,S,Furniture,Monitor Arm,8,246.73,0.1,Sam Okafor,,,,
ORD-085,05/10/2026,Massive Dynamic,East,Electronics,Power Bank,12,345.79,0.1,Sam Okafor,,,,
ORD-086,12/19/2026,Hooli,W,Electronics,Keyboard,13,204.44,0.1,Alex Kim,,,,
ORD-087,01/12/2026,Dunder Mifflin,N,Furniture,Standing Desk,20,380.22,0.1,Priya Sharma,,,,
ORD-088,06/11/2026,Hooli,East,Furniture,Ergonomic Chair,2,175.19,0.2,Jordan Lee,,,,
ORD-089,10/23/2026,Wonka Industries,E,Electronics,Keyboard,5,277.4,0.1,Maria Chen,,,,
ORD-090,09/13/2026,Dunder Mifflin,West,Furniture,Desk Lamp,4,250.11,0,Priya Sharma,,,,
ORD-091,04/25/2026,Cyberdyne Systems,East,Office Supplies,Notebook Pack,9,50.14,0.2,Alex Kim,,,,
ORD-092,10/12/2026,Cyberdyne Systems,East,Furniture,Filing Cabinet,16,41.75,0.1,Maria Chen,,,,
ORD-093,04/23/2026,Massive Dynamic,E,Electronics,"Monitor 27""",2,331.72,0.1,Sam Okafor,,,,
ORD-094,03/01/2026,Stark Ind,W,Office Supplies,Tape Dispenser,14,54.5,0,Sam Okafor,,,,
ORD-095,12/01/2026,Soylent Corp,East,Furniture,Desk Lamp,7,238.38,0.05,Alex Kim,,,,
ORD-096,02/20/2026,Tyrell Corp,N,Office Supplies,Sticky Notes,4,85.6,0.2,Jordan Lee,,,,
ORD-097,12/05/2026,Acme Corp,North,Electronics,"Monitor 27""",19,79.76,0.05,Maria Chen,,,,
ORD-098,04/20/2026,Stark Ind,North,Electronics,"Monitor 27""",18,95.21,0,Jordan Lee,,,,
ORD-099,12/04/2026,Tyrell Corp,South,Electronics,"Monitor 27""",9,27.81,0.15,Maria Chen,,,,
ORD-100,02/28/2026,Tyrell Corp,N,Furniture,Filing Cabinet,20,50.37,0.1,Sam Okafor,,,,
ORD-101,11/25/2026,Prestige Worldwide,W,Furniture,Ergonomic Chair,16,364.82,0.2,Jordan Lee,,,,
ORD-102,02/11/2026,Stark Ind,East,Office Supplies,Scissors,17,29.35,0.15,Jordan Lee,,,,
ORD-103,12/25/2026,Bluth Company,S,Office Supplies,Sticky Notes,14,33.14,0.2,Sam Okafor,,,,
ORD-104,01/31/2026,Oceanic Airlines,East,Electronics,Power Bank,3,41.01,0,Jordan Lee,,,,
ORD-105,08/09/2026,Stark Ind,N,Furniture,Drawer Unit,11,344.9,0.15,Alex Kim,,,,
ORD-106,12/06/2026,Globex Inc,East,Office Supplies,Pen Set,19,47.63,0,Sam Okafor,,,,
ORD-107,04/24/2026,Bluth Company,East,Office Supplies,Scissors,8,73.41,0,Maria Chen,,,,
ORD-108,02/12/2026,Wayne Enterprises,East,Office Supplies,Desk Organizer,1,19.59,0,Maria Chen,,,,
ORD-109,12/02/2026,Acme Corp,N,Electronics,HDMI Cable,14,164.23,0,Alex Kim,,,,
ORD-110,08/06/2026,Vandelay Industries,North,Electronics,"Monitor 27""",20,26.91,0,Alex Kim,,,,
ORD-111,08/14/2026,Massive Dynamic,West,Electronics,Bluetooth Speaker,4,127.35,0,Alex Kim,,,,
ORD-112,12/13/2026,Wonka Industries,North,Office Supplies,Scissors,2,4.65,0.1,Priya Sharma,,,,
ORD-113,11/03/2026,Umbrella LLC,N,Furniture,Footrest,6,90.71,0.05,Maria Chen,,,,
ORD-114,10/13/2026,Initech,West,Office Supplies,Notebook Pack,15,83.21,0.1,Maria Chen,,,,
ORD-115,08/07/2026,Soylent Corp,East,Office Supplies,Notebook Pack,11,18.77,0.2,Alex Kim,,,,
ORD-116,02/15/2026,Soylent Corp,W,Electronics,HDMI Cable,10,263.56,0.05,Alex Kim,,,,
ORD-117,03/27/2026,Sterling Cooper,South,Office Supplies,Whiteboard,8,12.83,0.1,Priya Sharma,,,,
ORD-118,03/29/2026,Initech,S,Office Supplies,Scissors,19,42.6,0.1,Alex Kim,,,,
ORD-119,03/18/2026,Wonka Industries,East,Office Supplies,Tape Dispenser,3,30.69,0.2,Jordan Lee,,,,
ORD-120,01/30/2026,Initech,W,Furniture,Drawer Unit,2,241.36,0.05,Alex Kim,,,,
ORD-121,11/05/2026,Globex Inc,West,Office Supplies,Pen Set,17,59.56,0,Priya Sharma,,,,
ORD-122,12/28/2026,Sterling Cooper,South,Office Supplies,Binder Clips,13,39.14,0.1,Maria Chen,,,,
ORD-123,01/27/2026,Initech,East,Furniture,Footrest,10,148.43,0,Alex Kim,,,,
ORD-124,02/11/2026,Tyrell Corp,E,Electronics,USB Drive 64GB,3,115.25,0.15,Alex Kim,,,,
ORD-125,03/06/2026,Sterling Cooper,N,Furniture,Desk Lamp,1,200.41,0,Priya Sharma,,,,
ORD-126,06/23/2026,Pied Piper,South,Electronics,Webcam HD,4,182.6,0,Alex Kim,,,,
ORD-127,11/12/2026,Wayne Enterprises,South,Furniture,Cable Tray,2,223.09,0.05,Sam Okafor,,,,
ORD-128,11/08/2026,Massive Dynamic,South,Office Supplies,Highlighter Set,7,35.62,0.2,Sam Okafor,,,,
ORD-129,05/24/2026,Soylent Corp,South,Furniture,Monitor Arm,9,54.51,0.2,Alex Kim,,,,
ORD-130,10/10/2026,Sterling Cooper,North,Electronics,"Monitor 27""",9,162.76,0,Sam Okafor,,,,
ORD-131,02/16/2026,Massive Dynamic,East,Office Supplies,Notebook Pack,13,47.16,0.05,Sam Okafor,,,,
ORD-132,02/11/2026,,North,Electronics,"Monitor 27""",2,107.53,0.2,Priya Sharma,,,,
ORD-133,12/27/2026,Initech,North,Electronics,"Monitor 27""",18,329.67,0.15,Jordan Lee,,,,
ORD-134,05/27/2026,Pied Piper,W,Office Supplies,Pen Set,4,75.95,0.2,Maria Chen,,,,
ORD-135,10/01/2026,Pied Piper,South,Office Supplies,Notebook Pack,20,34.33,0.15,Priya Sharma,,,,
ORD-136,12/06/2026,Tyrell Corp,N,Furniture,Drawer Unit,17,290.44,0.15,Sam Okafor,,,,
ORD-137,01/23/2026,Dunder Mifflin,North,Electronics,Laptop Stand,8,259.19,0,Maria Chen,,,,
ORD-138,06/19/2026,Oceanic Airlines,S,Furniture,Cable Tray,6,411.39,0,Sam Okafor,,,,
ORD-139,01/19/2026,Hooli,North,Office Supplies,Tape Dispenser,13,89.05,0.2,Alex Kim,,,,
ORD-140,02/19/2026,Tyrell Corp,North,Office Supplies,Pen Set,12,41.57,0.15,Sam Okafor,,,,
ORD-141,07/16/2026,Prestige Worldwide,East,Electronics,HDMI Cable,3,156.4,0,Maria Chen,,,,
ORD-142,05/30/2026,Wonka Industries,E,Furniture,Footrest,6,354.18,0.1,Sam Okafor,,,,
ORD-143,01/22/2026,TechNova,West,Furniture,Standing Desk,3,345.45,0.15,Alex Kim,,,,
ORD-144,09/19/2026,Acme Corp,S,Electronics,"Monitor 27""",3,90.23,0.1,Alex Kim,,,,
ORD-145,07/15/2026,Stark Ind,West,Office Supplies,Highlighter Set,3,53.35,0.1,Sam Okafor,,,,
ORD-146,06/09/2026,Umbrella LLC,North,Office Supplies,Tape Dispenser,13,82.55,0,Alex Kim,,,,
ORD-147,05/13/2026,TechNova,E,Electronics,USB-C Hub,5,299.95,0.2,Priya Sharma,,,,
ORD-148,12/31/2026,Oceanic Airlines,East,Furniture,Drawer Unit,10,448.92,0,Priya Sharma,,,,
ORD-149,07/04/2026,Hooli,South,Office Supplies,Notebook Pack,12,51.64,0.1,Sam Okafor,,,,
ORD-150,10/09/2026,Initech,E,Furniture,Cable Tray,17,223.06,0.15,Maria Chen,,,,
ORD-151,02/07/2026,Initech,W,Furniture,Drawer Unit,12,90.31,0,Priya Sharma,,,,
ORD-152,08/09/2026,Umbrella LLC,South,Electronics,"Monitor 27""",11,327.8,0.05,Alex Kim,,,,
ORD-153,09/22/2026,Dunder Mifflin,South,Electronics,Webcam HD,20,191.37,0,Maria Chen,,,,
ORD-154,10/24/2026,TechNova,East,Electronics,USB-C Hub,2,332.5,0.1,Priya Sharma,,,,
ORD-155,10/19/2026,Prestige Worldwide,East,Office Supplies,Sticky Notes,13,29.57,0,Jordan Lee,,,,
ORD-156,03/21/2026,Hooli,East,Office Supplies,Desk Organizer,12,87.87,0,Alex Kim,,,,
ORD-157,09/20/2026,Massive Dynamic,North,Office Supplies,Sticky Notes,5,12.32,0.1,Sam Okafor,,,,
ORD-158,11/11/2026,Wayne Enterprises,East,Electronics,"Monitor 27""",16,348.62,0.2,Sam Okafor,,,,
ORD-159,06/06/2026,Cyberdyne Systems,West,Electronics,USB Drive 64GB,12,26.53,0.1,Sam Okafor,,,,
ORD-160,11/01/2026,Prestige Worldwide,East,Electronics,HDMI Cable,5,310.02,0.1,Sam Okafor,,,,
ORD-161,07/06/2026,Bluth Company,South,Furniture,Bookshelf,3,211.57,0.2,Maria Chen,,,,
ORD-162,05/23/2026,TechNova,North,Electronics,HDMI Cable,12,280.26,0.1,Maria Chen,,,,
ORD-163,06/07/2026,Sterling Cooper,W,Electronics,Wireless Mouse,2,56.58,0.1,Sam Okafor,,,,
ORD-164,09/22/2026,Sterling Cooper,South,Furniture,Desk Lamp,6,214.68,0.1,Maria Chen,,,,
ORD-165,06/21/2026,Prestige Worldwide,E,Electronics,Laptop Stand,11,239.08,0.15,Maria Chen,,,,
ORD-166,06/06/2026,Acme Corp,West,Furniture,Coat Rack,19,136.94,0,Maria Chen,,,,
ORD-167,09/02/2026,TechNova,West,Furniture,Filing Cabinet,2,299.1,0,Priya Sharma,,,,
ORD-168,01/10/2026,Soylent Corp,S,Furniture,Coat Rack,16,440.21,0,Priya Sharma,,,,
ORD-169,09/22/2026,Prestige Worldwide,West,Electronics,Power Bank,18,126.38,0.1,Alex Kim,,,,
ORD-170,11/08/2026,Dunder Mifflin,East,Office Supplies,Binder Clips,7,63.35,0.2,Alex Kim,,,,
ORD-171,09/02/2026,Dunder Mifflin,East,Furniture,Drawer Unit,13,451,0.15,Alex Kim,,,,
ORD-172,03/15/2026,Initech,E,Furniture,Bookshelf,16,130.56,0.1,Maria Chen,,,,
ORD-173,12/22/2026,Vandelay Industries,South,Electronics,Bluetooth Speaker,8,226.89,0,Jordan Lee,,,,
ORD-174,07/30/2026,Stark Ind,N,Electronics,HDMI Cable,16,172.32,0.05,Alex Kim,,,,
ORD-175,06/13/2026,Initech,South,Electronics,HDMI Cable,6,327.52,0,Sam Okafor,,,,
ORD-176,09/10/2026,Wonka Industries,North,Office Supplies,Scissors,20,13.22,0.1,Alex Kim,,,,
ORD-177,08/20/2026,Prestige Worldwide,S,Office Supplies,Sticky Notes,4,32.43,0.2,Alex Kim,,,,
ORD-178,04/05/2026,Wonka Industries,South,Furniture,Footrest,14,272.17,0,Sam Okafor,,,,
ORD-179,12/08/2026,Prestige Worldwide,East,Electronics,Webcam HD,13,90.07,0.1,Alex Kim,,,,
ORD-180,06/03/2026,Dunder Mifflin,East,Electronics,USB-C Hub,15,114.3,0.15,Maria Chen,,,,
ORD-181,12/26/2026,Wonka Industries,East,Electronics,"Monitor 27""",16,62.07,0.1,Sam Okafor,,,,
ORD-182,12/25/2026,Bluth Company,South,Furniture,Coat Rack,3,276.98,0.1,Jordan Lee,,,,
ORD-183,10/15/2026,Sterling Cooper,South,Electronics,Laptop Stand,17,160.22,0.05,Maria Chen,,,,
ORD-184,09/07/2026,Globex Inc,West,Furniture,Footrest,15,295.03,0.2,Alex Kim,,,,
ORD-185,01/12/2026,Hooli,North,Office Supplies,Desk Organizer,3,50.53,0,Jordan Lee,,,,
ORD-186,08/29/2026,Stark Ind,West,Office Supplies,Highlighter Set,13,36.3,0,Alex Kim,,,,
ORD-187,03/01/2026,Sterling Cooper,South,Electronics,Wireless Mouse,10,167.41,0.15,Maria Chen,,,,
ORD-188,05/13/2026,Tyrell Corp,South,Electronics,USB-C Hub,2,285.21,0.15,Maria Chen,,,,
ORD-189,01/09/2026,TechNova,N,Furniture,Standing Desk,8,378.04,0.15,Sam Okafor,,,,
ORD-190,04/29/2026,Globex Inc,South,Electronics,USB Drive 64GB,11,206.33,0.1,Priya Sharma,,,,
ORD-191,06/03/2026,Sterling Cooper,S,Office Supplies,Binder Clips,2,51.87,0,Sam Okafor,,,,
ORD-192,10/11/2026,Cyberdyne Systems,E,Office Supplies,Whiteboard,10,36.37,0.2,Priya Sharma,,,,
ORD-193,04/25/2026,Massive Dynamic,N,Office Supplies,Paper Ream,18,49.57,0.15,Priya Sharma,,,,
ORD-194,05/10/2026,Massive Dynamic,East,Furniture,Filing Cabinet,2,156.17,0,Jordan Lee,,,,
ORD-195,06/04/2026,Bluth Company,S,Electronics,Laptop Stand,10,335.38,0,Priya Sharma,,,,
ORD-196,04/07/2026,Prestige Worldwide,South,Office Supplies,Sticky Notes,18,31.65,0.1,Sam Okafor,,,,
ORD-197,08/26/2026,Dunder Mifflin,E,Office Supplies,Pen Set,16,69.49,0.1,Priya Sharma,,,,
ORD-198,07/08/2026,Pied Piper,South,Office Supplies,Tape Dispenser,19,53.8,0.15,Alex Kim,,,,
ORD-199,03/19/2026,Vandelay Industries,S,Furniture,Desk Lamp,9,388.77,0.2,Sam Okafor,,,,
ORD-200,08/23/2026,Wayne Enterprises,S,Electronics,Bluetooth Speaker,2,188.13,0,Jordan Lee,,,,
ORD-201,01/04/2026,Pied Piper,North,Electronics,Keyboard,17,165.03,0,Maria Chen,,,,
ORD-202,11/22/2026,Prestige Worldwide,West,Electronics,Bluetooth Speaker,18,149.85,0,Maria Chen,,,,
ORD-203,05/20/2026,Sterling Cooper,West,Electronics,USB-C Hub,17,60.62,0.05,Maria Chen,,,,
ORD-204,09/26/2026,Cyberdyne Systems,North,Office Supplies,Highlighter Set,19,24.91,0.05,Alex Kim,,,,
ORD-205,12/16/2026,Globex Inc,N,Office Supplies,Paper Ream,18,44.93,0,Priya Sharma,,,,
ORD-206,02/12/2026,Oceanic Airlines,N,Electronics,Keyboard,7,316.42,0.2,Alex Kim,,,,
ORD-207,01/24/2026,Dunder Mifflin,North,Office Supplies,Notebook Pack,7,54.48,0.15,Jordan Lee,,,,
ORD-208,06/02/2026,Cyberdyne Systems,E,Furniture,Monitor Arm,3,265.36,0.1,Jordan Lee,,,,
ORD-209,02/20/2026,Oceanic Airlines,West,Electronics,Webcam HD,15,176.8,0.1,Maria Chen,,,,
ORD-210,07/11/2026,Cyberdyne Systems,N,Office Supplies,Sticky Notes,3,11.05,0,Sam Okafor,,,,
ORD-211,12/30/2026,Cyberdyne Systems,East,Electronics,USB-C Hub,1,330.6,0.2,Alex Kim,,,,
ORD-212,05/18/2026,Soylent Corp,W,Furniture,Drawer Unit,14,78.54,0,Alex Kim,,,,
ORD-213,10/10/2026,Oceanic Airlines,West,Office Supplies,Paper Ream,13,71,0.05,Maria Chen,,,,
ORD-214,09/23/2026,Stark Ind,East,Office Supplies,Highlighter Set,5,9.43,0.15,Alex Kim,,,,
ORD-215,08/03/2026,Tyrell Corp,East,Furniture,Cable Tray,20,319.82,0.2,Jordan Lee,,,,
ORD-216,03/10/2026,Oceanic Airlines,West,Office Supplies,Desk Organizer,14,74.12,0,Alex Kim,,,,
ORD-217,06/13/2026,Prestige Worldwide,East,Office Supplies,Desk Organizer,10,67.19,0.2,Maria Chen,,,,
ORD-218,05/04/2026,Cyberdyne Systems,East,Furniture,Filing Cabinet,19,498.7,0,Maria Chen,,,,
ORD-219,01/14/2026,Hooli,West,Furniture,Ergonomic Chair,14,346.29,0,Alex Kim,,,,
ORD-220,05/03/2026,Soylent Corp,West,Office Supplies,Scissors,16,54.06,0.15,Maria Chen,,,,
ORD-221,01/19/2026,Bluth Company,North,Electronics,Laptop Stand,6,229.97,0,Maria Chen,,,,
ORD-222,11/26/2026,Oceanic Airlines,West,Electronics,USB-C Hub,9,85.47,0.05,Sam Okafor,,,,
ORD-223,07/10/2026,Vandelay Industries,South,Electronics,Power Bank,4,110.44,0,Jordan Lee,,,,
ORD-224,03/13/2026,Hooli,West,Office Supplies,Pen Set,15,66.08,0.2,Alex Kim,,,,
ORD-225,02/04/2026,Umbrella LLC,North,Furniture,Ergonomic Chair,6,467.05,0.05,Maria Chen,,,,
ORD-226,03/30/2026,Soylent Corp,West,Office Supplies,Whiteboard,6,59.07,0.15,Sam Okafor,,,,
ORD-227,01/15/2026,Massive Dynamic,W,Electronics,Keyboard,7,104.63,0,Maria Chen,,,,
ORD-228,02/22/2026,Tyrell Corp,East,Office Supplies,Pen Set,9,61.67,0.2,Maria Chen,,,,
ORD-229,11/23/2026,Cyberdyne Systems,North,Office Supplies,Highlighter Set,20,18.83,0.1,Maria Chen,,,,
ORD-230,10/29/2026,Umbrella LLC,South,Electronics,"Monitor 27""",12,245.76,0.15,Sam Okafor,,,,
ORD-231,11/01/2026,Wayne Enterprises,W,Furniture,Monitor Arm,18,108.42,0.1,Priya Sharma,,,,
ORD-232,04/05/2026,Globex Inc,East,Office Supplies,Whiteboard,7,74.1,0.2,Sam Okafor,,,,
ORD-233,12/16/2026,Massive Dynamic,West,Electronics,USB Drive 64GB,1,280.59,0.05,Alex Kim,,,,
ORD-234,01/17/2026,Wayne Enterprises,W,Furniture,Cable Tray,18,270.07,0,Alex Kim,,,,
ORD-235,05/10/2026,Globex Inc,W,Electronics,HDMI Cable,4,260.23,0.05,Alex Kim,,,,
ORD-236,01/17/2026,Initech,West,Electronics,Keyboard,19,244.3,0.15,Priya Sharma,,,,
ORD-237,11/11/2026,Hooli,N,Office Supplies,Tape Dispenser,9,55.32,0,Alex Kim,,,,
ORD-238,12/26/2026,Sterling Cooper,North,Office Supplies,Notebook Pack,9,78.56,0,Priya Sharma,,,,
ORD-239,05/07/2026,Pied Piper,W,Electronics,USB Drive 64GB,9,223.45,0.15,Sam Okafor,,,,
ORD-240,02/08/2026,Initech,W,Furniture,Bookshelf,12,243.7,0.2,Alex Kim,,,,
ORD-241,10/24/2026,Initech,West,Electronics,Bluetooth Speaker,13,84.05,0.15,Priya Sharma,,,,
ORD-242,09/10/2026,Oceanic Airlines,S,Office Supplies,Notebook Pack,2,12.55,0.2,Jordan Lee,,,,
ORD-243,03/04/2026,Massive Dynamic,N,Electronics,"Monitor 27""",10,64.04,0.1,Jordan Lee,,,,
ORD-244,12/01/2026,Wayne Enterprises,N,Furniture,Bookshelf,8,231.73,0,Jordan Lee,,,,
ORD-245,01/01/2026,Vandelay Industries,S,Electronics,Wireless Mouse,11,287.81,0.15,Priya Sharma,,,,
ORD-246,09/01/2026,Umbrella LLC,North,Office Supplies,Binder Clips,5,36.9,0,Priya Sharma,,,,
ORD-247,02/05/2026,,S,Office Supplies,Sticky Notes,5,83.1,0.2,Priya Sharma,,,,
ORD-248,02/14/2026,Umbrella LLC,West,Office Supplies,Desk Organizer,5,25.3,0,Priya Sharma,,,,
ORD-249,10/10/2026,Wonka Industries,North,Electronics,Bluetooth Speaker,20,183.23,0.15,Alex Kim,,,,
ORD-250,11/26/2026,Pied Piper,W,Electronics,Keyboard,16,226.94,0,Maria Chen,,,,
ORD-251,01/07/2026,Stark Ind,W,Office Supplies,Desk Organizer,18,62.72,0.2,Jordan Lee,,,,
ORD-252,01/09/2026,,South,Electronics,HDMI Cable,17,107.4,0.15,Sam Okafor,,,,
ORD-253,12/25/2026,Bluth Company,South,Electronics,Webcam HD,3,183.83,0.05,Priya Sharma,,,,
ORD-254,10/01/2026,Initech,E,Furniture,Filing Cabinet,2,144.9,0.15,Jordan Lee,,,,
ORD-255,08/20/2026,Wayne Enterprises,North,Furniture,Monitor Arm,1,106.99,0.1,Maria Chen,,,,
ORD-256,09/21/2026,Wayne Enterprises,East,Furniture,Bookshelf,4,392.56,0,Alex Kim,,,,
ORD-257,08/07/2026,Vandelay Industries,N,Office Supplies,Tape Dispenser,12,8.76,0,Alex Kim,,,,
ORD-258,03/21/2026,Vandelay Industries,North,Furniture,Drawer Unit,1,50.69,0,Priya Sharma,,,,
ORD-259,01/24/2026,Stark Ind,South,Furniture,Footrest,8,181.24,0.15,Alex Kim,,,,
ORD-260,05/18/2026,Umbrella LLC,North,Electronics,Bluetooth Speaker,2,334.38,0,Sam Okafor,,,,
ORD-261,05/24/2026,Initech,West,Office Supplies,Sticky Notes,10,52.48,0.1,Maria Chen,,,,
ORD-262,05/04/2026,Prestige Worldwide,South,Electronics,Wireless Mouse,14,18.12,0.1,Jordan Lee,,,,
ORD-263,06/20/2026,Wonka Industries,North,Furniture,Filing Cabinet,14,261.24,0,Priya Sharma,,,,
ORD-264,12/30/2026,Pied Piper,West,Office Supplies,Pen Set,19,12.21,0,Sam Okafor,,,,
ORD-265,02/08/2026,Stark Ind,South,Office Supplies,Desk Organizer,13,64.25,0.1,Alex Kim,,,,
ORD-266,08/19/2026,Hooli,South,Electronics,USB-C Hub,6,162.84,0.1,Sam Okafor,,,,
ORD-267,03/02/2026,Hooli,West,Office Supplies,Binder Clips,4,11.77,0.1,Maria Chen,,,,
ORD-268,01/21/2026,Stark Ind,North,Office Supplies,Paper Ream,17,8.2,0.1,Alex Kim,,,,
ORD-269,03/30/2026,Massive Dynamic,South,Office Supplies,Pen Set,5,14.43,0,Priya Sharma,,,,
ORD-270,03/07/2026,Initech,East,Electronics,USB-C Hub,7,316.84,0.2,Priya Sharma,,,,
ORD-271,02/17/2026,Oceanic Airlines,North,Office Supplies,Notebook Pack,6,83.47,0.15,Sam Okafor,,,,
ORD-272,09/11/2026,Wayne Enterprises,East,Electronics,Webcam HD,9,161.63,0,Jordan Lee,,,,
ORD-273,11/10/2026,Wonka Industries,W,Furniture,Cable Tray,2,71.22,0.15,Priya Sharma,,,,
ORD-274,08/02/2026,Sterling Cooper,South,Office Supplies,Desk Organizer,16,50.82,0.2,Alex Kim,,,,
ORD-275,10/16/2026,Wayne Enterprises,North,Furniture,Filing Cabinet,1,451,0.1,Jordan Lee,,,,
ORD-276,08/29/2026,Pied Piper,South,Electronics,Keyboard,9,191.44,0,Priya Sharma,,,,
ORD-277,05/21/2026,Tyrell Corp,South,Electronics,USB Drive 64GB,11,284.1,0.1,Maria Chen,,,,
ORD-278,01/15/2026,Vandelay Industries,South,Office Supplies,Tape Dispenser,10,19.09,0,Jordan Lee,,,,
ORD-279,01/29/2026,Sterling Cooper,West,Office Supplies,Scissors,7,73.34,0.1,Priya Sharma,,,,
ORD-280,06/14/2026,Stark Ind,N,Office Supplies,Pen Set,12,64.58,0.15,Maria Chen,,,,
ORD-281,02/21/2026,Wayne Enterprises,W,Furniture,Desk Lamp,6,362.37,0.1,Priya Sharma,,,,
ORD-282,12/06/2026,Wonka Industries,East,Electronics,Wireless Mouse,19,143.13,0,Priya Sharma,,,,
ORD-283,11/04/2026,TechNova,South,Office Supplies,Whiteboard,11,68.09,0.05,Alex Kim,,,,
ORD-284,06/12/2026,Initech,E,Electronics,Webcam HD,7,94.83,0,Alex Kim,,,,
ORD-285,11/05/2026,Globex Inc,W,Furniture,Footrest,6,445.73,0.2,Sam Okafor,,,,
ORD-286,06/28/2026,Prestige Worldwide,South,Office Supplies,Pen Set,2,29.35,0.1,Alex Kim,,,,
ORD-287,02/23/2026,Cyberdyne Systems,South,Furniture,Ergonomic Chair,11,309.18,0.2,Jordan Lee,,,,
ORD-288,08/08/2026,Soylent Corp,South,Electronics,Laptop Stand,7,341.29,0.15,Maria Chen,,,,
ORD-289,10/03/2026,Pied Piper,North,Office Supplies,Scissors,18,76.22,0,Jordan Lee,,,,
ORD-290,07/03/2026,TechNova,West,Electronics,Wireless Mouse,7,68.07,0.1,Jordan Lee,,,,
ORD-291,08/30/2026,Cyberdyne Systems,W,Furniture,Bookshelf,3,331.67,0.15,Priya Sharma,,,,
ORD-292,07/08/2026,Massive Dynamic,North,Office Supplies,Highlighter Set,9,23.45,0.1,Maria Chen,,,,
ORD-293,02/01/2026,Umbrella LLC,North,Furniture,Footrest,19,136.92,0,Sam Okafor,,,,
ORD-294,09/24/2026,Prestige Worldwide,S,Office Supplies,Pen Set,13,81.63,0,Maria Chen,,,,
ORD-295,10/19/2026,TechNova,South,Office Supplies,Whiteboard,6,87.6,0.05,Priya Sharma,,,,
ORD-296,01/22/2026,Soylent Corp,South,Furniture,Bookshelf,11,458.07,0,Jordan Lee,,,,
ORD-297,07/17/2026,Dunder Mifflin,West,Furniture,Coat Rack,19,275.59,0.15,Jordan Lee,,,,
ORD-298,07/31/2026,Vandelay Industries,North,Furniture,Ergonomic Chair,10,437.7,0.1,Sam Okafor,,,,
ORD-299,05/15/2026,TechNova,West,Electronics,Webcam HD,13,58.9,0.15,Jordan Lee,,,,
ORD-300,07/21/2026,Pied Piper,N,Office Supplies,Desk Organizer,1,33.05,0.1,Alex Kim,,,,
ORD-301,05/23/2026,Umbrella LLC,South,Office Supplies,Highlighter Set,11,27.16,0.15,Maria Chen,,,,
ORD-302,11/26/2026,Soylent Corp,W,Office Supplies,Notebook Pack,17,72.06,0,Alex Kim,,,,
ORD-303,12/29/2026,Sterling Cooper,North,Electronics,Keyboard,2,94.82,0.2,Jordan Lee,,,,
ORD-304,03/07/2026,Massive Dynamic,West,Furniture,Standing Desk,8,205.05,0.2,Priya Sharma,,,,
ORD-305,08/30/2026,Wayne Enterprises,East,Office Supplies,Notebook Pack,13,8.26,0.05,Priya Sharma,,,,
ORD-306,11/27/2026,Soylent Corp,North,Office Supplies,Whiteboard,6,55.69,0,Priya Sharma,,,,
ORD-307,05/09/2026,Dunder Mifflin,W,Office Supplies,Highlighter Set,9,22.76,0.1,Maria Chen,,,,
ORD-308,11/15/2026,Sterling Cooper,East,Office Supplies,Pen Set,16,9.48,0.1,Alex Kim,,,,
ORD-309,05/21/2026,Wonka Industries,South,Furniture,Filing Cabinet,2,408.54,0.15,Alex Kim,,,,
ORD-310,12/14/2026,,West,Office Supplies,Paper Ream,13,37.38,0,Maria Chen,,,,
ORD-311,12/28/2026,Oceanic Airlines,S,Furniture,Desk Lamp,17,171.08,0,Maria Chen,,,,
ORD-312,04/02/2026,Dunder Mifflin,South,Furniture,Ergonomic Chair,8,196.97,0.1,Sam Okafor,,,,
ORD-313,06/18/2026,Massive Dynamic,N,Electronics,USB Drive 64GB,19,331.05,0,Sam Okafor,,,,
ORD-314,04/09/2026,Cyberdyne Systems,E,Electronics,"Monitor 27""",5,347.39,0.1,Sam Okafor,,,,
ORD-315,10/18/2026,Stark Ind,East,Electronics,Power Bank,11,224.54,0,Alex Kim,,,,
ORD-316,11/20/2026,Hooli,South,Office Supplies,Pen Set,5,56.84,0.15,Sam Okafor,,,,
ORD-317,08/07/2026,Globex Inc,South,Electronics,Laptop Stand,17,74.79,0,Priya Sharma,,,,
ORD-318,04/25/2026,Stark Ind,N,Furniture,Coat Rack,10,108.49,0,Alex Kim,,,,
ORD-319,05/28/2026,Sterling Cooper,E,Furniture,Monitor Arm,11,498.18,0.2,Alex Kim,,,,
ORD-320,04/06/2026,Cyberdyne Systems,North,Electronics,"Monitor 27""",7,259.58,0,Jordan Lee,,,,
ORD-321,06/07/2026,Cyberdyne Systems,East,Furniture,Standing Desk,4,337.17,0,Jordan Lee,,,,
ORD-322,12/19/2026,Umbrella LLC,E,Furniture,Monitor Arm,7,356.73,0,Alex Kim,,,,
ORD-323,08/03/2026,Dunder Mifflin,S,Electronics,Bluetooth Speaker,20,50.02,0,Jordan Lee,,,,
ORD-324,09/11/2026,Dunder Mifflin,South,Furniture,Footrest,10,105.37,0.2,Priya Sharma,,,,
ORD-325,12/18/2026,Acme Corp,North,Electronics,USB Drive 64GB,16,60.7,0,Maria Chen,,,,
ORD-326,08/02/2026,Dunder Mifflin,S,Office Supplies,Binder Clips,15,8.3,0,Jordan Lee,,,,
ORD-327,05/28/2026,Soylent Corp,North,Electronics,Wireless Mouse,5,235.53,0,Alex Kim,,,,
ORD-328,07/02/2026,Dunder Mifflin,North,Office Supplies,Whiteboard,4,38.46,0.2,Alex Kim,,,,
ORD-329,07/16/2026,Soylent Corp,South,Electronics,Wireless Mouse,6,45.25,0.2,Maria Chen,,,,
ORD-330,12/13/2026,Tyrell Corp,North,Office Supplies,Highlighter Set,4,80.32,0.2,Jordan Lee,,,,
ORD-331,02/02/2026,Sterling Cooper,South,Furniture,Drawer Unit,20,74.75,0.05,Sam Okafor,,,,
ORD-332,06/26/2026,Stark Ind,North,Furniture,Monitor Arm,17,428.95,0.2,Priya Sharma,,,,
ORD-333,08/02/2026,Oceanic Airlines,East,Furniture,Filing Cabinet,18,332.35,0.15,Priya Sharma,,,,
ORD-334,02/10/2026,Massive Dynamic,N,Office Supplies,Desk Organizer,4,88.33,0,Jordan Lee,,,,
ORD-335,07/25/2026,Acme Corp,N,Furniture,Bookshelf,17,294.29,0.2,Alex Kim,,,,
ORD-336,05/07/2026,Massive Dynamic,E,Furniture,Desk Lamp,15,83.58,0.05,Jordan Lee,,,,
ORD-337,06/23/2026,Wonka Industries,East,Electronics,"Monitor 27""",16,57.74,0.15,Jordan Lee,,,,
ORD-338,05/10/2026,Cyberdyne Systems,S,Electronics,Laptop Stand,4,267.42,0,Maria Chen,,,,
ORD-339,04/03/2026,Vandelay Industries,S,Electronics,Bluetooth Speaker,2,198.09,0.15,Maria Chen,,,,
ORD-340,09/04/2026,Wayne Enterprises,South,Electronics,HDMI Cable,20,216.08,0.1,Maria Chen,,,,
ORD-341,07/15/2026,Pied Piper,E,Office Supplies,Binder Clips,15,73.2,0,Sam Okafor,,,,
ORD-342,04/11/2026,Wonka Industries,East,Electronics,Keyboard,20,252.88,0.1,Priya Sharma,,,,
ORD-343,12/29/2026,Sterling Cooper,East,Office Supplies,Tape Dispenser,16,54.11,0.15,Maria Chen,,,,
ORD-344,05/26/2026,Acme Corp,North,Office Supplies,Whiteboard,2,61.63,0.05,Alex Kim,,,,
ORD-345,03/23/2026,Stark Ind,North,Electronics,Bluetooth Speaker,2,131.94,0.2,Jordan Lee,,,,
ORD-346,11/11/2026,Pied Piper,West,Furniture,Bookshelf,2,465.44,0.15,Sam Okafor,,,,
ORD-347,12/16/2026,Acme Corp,East,Furniture,Cable Tray,8,458.39,0.1,Maria Chen,,,,
ORD-348,06/10/2026,Hooli,E,Electronics,USB-C Hub,6,337.23,0,Sam Okafor,,,,
ORD-349,01/21/2026,Stark Ind,South,Electronics,Laptop Stand,15,251.28,0,Jordan Lee,,,,
ORD-350,03/19/2026,TechNova,E,Furniture,Drawer Unit,12,64.24,0.1,Maria Chen,,,,
ORD-351,04/22/2026,Sterling Cooper,S,Furniture,Drawer Unit,13,73.2,0.05,Priya Sharma,,,,
ORD-352,12/05/2026,Hooli,W,Furniture,Standing Desk,4,344.39,0.2,Priya Sharma,,,,
ORD-353,11/24/2026,Globex Inc,E,Electronics,HDMI Cable,9,193.67,0.1,Jordan Lee,,,,
ORD-354,09/21/2026,Sterling Cooper,W,Electronics,Webcam HD,7,118.9,0,Jordan Lee,,,,
ORD-355,03/26/2026,Bluth Company,North,Electronics,Keyboard,14,294.12,0.05,Maria Chen,,,,
ORD-356,12/25/2026,Soylent Corp,North,Electronics,Power Bank,11,22.87,0,Jordan Lee,,,,
ORD-357,01/04/2026,Vandelay Industries,South,Office Supplies,Paper Ream,15,58.19,0.15,Alex Kim,,,,
ORD-358,01/09/2026,Acme Corp,N,Electronics,USB-C Hub,12,325.53,0,Alex Kim,,,,
ORD-359,12/17/2026,Massive Dynamic,W,Furniture,Standing Desk,16,103.46,0.05,Priya Sharma,,,,
ORD-360,07/19/2026,Wonka Industries,South,Furniture,Desk Lamp,1,290.15,0,Jordan Lee,,,,
ORD-361,01/22/2026,Bluth Company,North,Electronics,Laptop Stand,7,150.29,0,Priya Sharma,,,,
ORD-362,04/04/2026,Hooli,North,Furniture,Coat Rack,2,430.14,0.2,Maria Chen,,,,
ORD-363,02/07/2026,Umbrella LLC,S,Office Supplies,Desk Organizer,5,61.72,0.05,Jordan Lee,,,,
ORD-364,05/25/2026,Oceanic Airlines,W,Office Supplies,Scissors,10,63.63,0,Maria Chen,,,,
ORD-365,10/17/2026,Soylent Corp,South,Office Supplies,Sticky Notes,8,65.24,0.15,Alex Kim,,,,
ORD-366,07/03/2026,Prestige Worldwide,W,Office Supplies,Binder Clips,16,51.43,0,Maria Chen,,,,
ORD-367,11/02/2026,Stark Ind,South,Furniture,Ergonomic Chair,3,449.28,0,Maria Chen,,,,
ORD-368,10/23/2026,Globex Inc,E,Furniture,Monitor Arm,12,214.46,0.1,Priya Sharma,,,,
ORD-369,08/25/2026,Tyrell Corp,North,Furniture,Monitor Arm,17,95.96,0,Priya Sharma,,,,
ORD-370,10/16/2026,Stark Ind,West,Electronics,Keyboard,16,88.78,0.1,Alex Kim,,,,
ORD-371,04/29/2026,Tyrell Corp,W,Office Supplies,Notebook Pack,2,88.32,0.1,Jordan Lee,,,,
ORD-372,12/26/2026,Dunder Mifflin,East,Office Supplies,Paper Ream,12,54.53,0,Maria Chen,,,,
ORD-373,05/08/2026,Sterling Cooper,West,Office Supplies,Highlighter Set,16,80.29,0,Maria Chen,,,,
ORD-374,03/12/2026,Sterling Cooper,East,Electronics,"Monitor 27""",6,133.15,0,Priya Sharma,,,,
ORD-375,07/31/2026,Prestige Worldwide,W,Electronics,USB Drive 64GB,6,230.06,0.15,Jordan Lee,,,,
ORD-376,05/04/2026,Wayne Enterprises,South,Furniture,Monitor Arm,2,108.17,0,Maria Chen,,,,
ORD-377,07/26/2026,Acme Corp,East,Electronics,Power Bank,20,347.53,0.2,Priya Sharma,,,,
ORD-378,04/22/2026,Vandelay Industries,South,Electronics,Laptop Stand,15,212.81,0,Priya Sharma,,,,
ORD-379,07/12/2026,Hooli,West,Furniture,Ergonomic Chair,6,253.65,0,Maria Chen,,,,
ORD-380,09/14/2026,Stark Ind,N,Furniture,Footrest,12,441.16,0.15,Priya Sharma,,,,
ORD-381,03/09/2026,Vandelay Industries,N,Electronics,Webcam HD,16,270.38,0,Alex Kim,,,,
ORD-382,02/11/2026,Hooli,North,Furniture,Drawer Unit,4,274.28,0.15,Priya Sharma,,,,
ORD-383,12/18/2026,Umbrella LLC,S,Furniture,Coat Rack,9,152.8,0.15,Maria Chen,,,,
ORD-384,07/06/2026,Cyberdyne Systems,S,Furniture,Drawer Unit,16,113.99,0.2,Alex Kim,,,,
ORD-385,06/06/2026,Cyberdyne Systems,South,Furniture,Filing Cabinet,15,398.05,0,Jordan Lee,,,,
ORD-386,04/19/2026,Bluth Company,North,Office Supplies,Notebook Pack,3,74.79,0.2,Maria Chen,,,,
ORD-387,08/10/2026,Tyrell Corp,N,Electronics,HDMI Cable,13,218.74,0.1,Maria Chen,,,,
ORD-388,01/30/2026,Prestige Worldwide,West,Electronics,Bluetooth Speaker,10,76.2,0.05,Maria Chen,,,,
ORD-389,03/27/2026,Acme Corp,South,Office Supplies,Paper Ream,12,61.58,0.15,Maria Chen,,,,
ORD-390,04/12/2026,Initech,N,Office Supplies,Tape Dispenser,19,33.93,0.1,Priya Sharma,,,,
ORD-391,11/06/2026,Cyberdyne Systems,North,Electronics,HDMI Cable,17,46.19,0,Maria Chen,,,,
ORD-392,05/30/2026,Sterling Cooper,East,Furniture,Cable Tray,13,294.68,0.05,Alex Kim,,,,
ORD-393,08/22/2026,Acme Corp,West,Office Supplies,Pen Set,13,58.48,0.05,Priya Sharma,,,,
ORD-394,06/10/2026,Bluth Company,North,Electronics,Webcam HD,3,145.63,0.1,Jordan Lee,,,,
ORD-395,10/10/2026,Tyrell Corp,South,Electronics,Keyboard,16,260.61,0.05,Priya Sharma,,,,
ORD-396,05/15/2026,Pied Piper,East,Electronics,USB-C Hub,3,239.77,0.2,Maria Chen,,,,
ORD-397,04/01/2026,Globex Inc,West,Furniture,Desk Lamp,16,452.11,0.1,Sam Okafor,,,,
ORD-398,04/03/2026,Dunder Mifflin,West,Furniture,Monitor Arm,2,277.09,0.15,Sam Okafor,,,,
ORD-399,10/03/2026,Wayne Enterprises,West,Furniture,Drawer Unit,15,178.35,0,Jordan Lee,,,,
ORD-400,12/11/2026,Oceanic Airlines,East,Electronics,Bluetooth Speaker,9,90.62,0.2,Maria Chen,,,,
ORD-401,06/24/2026,Hooli,West,Office Supplies,Paper Ream,9,42.75,0,Maria Chen,,,,
ORD-402,12/17/2026,Dunder Mifflin,S,Office Supplies,Sticky Notes,5,72.79,0,Sam Okafor,,,,
ORD-403,01/05/2026,Sterling Cooper,E,Office Supplies,Binder Clips,18,77.82,0,Sam Okafor,,,,
ORD-404,02/20/2026,Dunder Mifflin,West,Office Supplies,Desk Organizer,9,35.03,0.1,Alex Kim,,,,
ORD-405,01/11/2026,TechNova,South,Office Supplies,Desk Organizer,11,61.88,0.2,Sam Okafor,,,,
ORD-406,02/10/2026,Stark Ind,South,Office Supplies,Scissors,19,38.8,0,Jordan Lee,,,,
ORD-407,03/23/2026,Wonka Industries,E,Office Supplies,Highlighter Set,12,68.31,0.2,Sam Okafor,,,,
ORD-408,03/26/2026,,South,Furniture,Ergonomic Chair,7,108.44,0,Jordan Lee,,,,
ORD-409,02/02/2026,Globex Inc,N,Furniture,Ergonomic Chair,4,153.34,0,Jordan Lee,,,,
ORD-410,12/01/2026,Pied Piper,South,Office Supplies,Whiteboard,5,49.29,0,Jordan Lee,,,,
ORD-411,01/18/2026,Oceanic Airlines,W,Furniture,Bookshelf,18,239.07,0,Maria Chen,,,,
ORD-412,11/01/2026,Vandelay Industries,W,Furniture,Drawer Unit,10,457.18,0.2,Maria Chen,,,,
ORD-413,04/26/2026,Tyrell Corp,West,Electronics,Webcam HD,1,10.02,0,Alex Kim,,,,
ORD-414,05/26/2026,,W,Office Supplies,Notebook Pack,14,72.61,0.05,Jordan Lee,,,,
ORD-415,10/07/2026,Bluth Company,W,Electronics,"Monitor 27""",13,291.66,0.05,Alex Kim,,,,
ORD-416,02/10/2026,TechNova,East,Furniture,Drawer Unit,9,224.05,0,Priya Sharma,,,,
ORD-417,03/10/2026,TechNova,West,Furniture,Coat Rack,16,118.25,0,Priya Sharma,,,,
ORD-418,01/26/2026,,North,Office Supplies,Whiteboard,15,66.52,0.05,Jordan Lee,,,,
ORD-419,03/18/2026,Soylent Corp,E,Office Supplies,Highlighter Set,2,32.39,0,Jordan Lee,,,,
ORD-420,05/16/2026,Prestige Worldwide,South,Office Supplies,Paper Ream,1,14.48,0.05,Sam Okafor,,,,
ORD-421,08/14/2026,Hooli,West,Furniture,Filing Cabinet,16,212.88,0.1,Alex Kim,,,,
ORD-422,03/22/2026,Bluth Company,North,Office Supplies,Binder Clips,7,34.99,0,Priya Sharma,,,,
ORD-423,02/27/2026,Acme Corp,South,Furniture,Ergonomic Chair,13,400.89,0,Jordan Lee,,,,
ORD-424,10/24/2026,TechNova,South,Electronics,Keyboard,6,179.96,0.1,Jordan Lee,,,,
ORD-425,01/31/2026,Bluth Company,North,Office Supplies,Sticky Notes,11,88.41,0.1,Sam Okafor,,,,
ORD-426,04/08/2026,Stark Ind,East,Office Supplies,Highlighter Set,18,29.34,0.2,Priya Sharma,,,,
ORD-427,10/17/2026,Massive Dynamic,East,Electronics,Bluetooth Speaker,5,162.78,0.1,Maria Chen,,,,
ORD-428,07/06/2026,Sterling Cooper,West,Electronics,USB Drive 64GB,12,273.84,0.05,Alex Kim,,,,
ORD-429,02/02/2026,Cyberdyne Systems,S,Furniture,Monitor Arm,20,163.06,0.15,Alex Kim,,,,
ORD-430,02/26/2026,Globex Inc,South,Electronics,Keyboard,4,175.02,0,Jordan Lee,,,,
ORD-431,10/19/2026,Prestige Worldwide,East,Office Supplies,Sticky Notes,20,65.72,0,Priya Sharma,,,,
ORD-432,12/01/2026,Initech,West,Office Supplies,Tape Dispenser,14,74.68,0,Maria Chen,,,,
ORD-433,05/16/2026,Wonka Industries,North,Furniture,Ergonomic Chair,4,370.82,0.15,Priya Sharma,,,,
ORD-434,04/08/2026,Wayne Enterprises,West,Furniture,Coat Rack,12,347,0.15,Jordan Lee,,,,
ORD-435,03/26/2026,Sterling Cooper,East,Furniture,Coat Rack,15,468.74,0.1,Maria Chen,,,,
ORD-436,06/15/2026,Soylent Corp,East,Furniture,Drawer Unit,7,206.27,0.1,Alex Kim,,,,
ORD-437,08/19/2026,Globex Inc,East,Furniture,Monitor Arm,10,33.08,0.05,Priya Sharma,,,,
ORD-438,06/10/2026,Dunder Mifflin,South,Electronics,Power Bank,12,63.07,0.1,Alex Kim,,,,
ORD-439,10/25/2026,Wonka Industries,N,Office Supplies,Scissors,7,67.14,0.1,Sam Okafor,,,,
ORD-440,03/29/2026,Vandelay Industries,N,Furniture,Bookshelf,2,373.46,0.15,Jordan Lee,,,,
ORD-441,01/29/2026,Soylent Corp,West,Electronics,USB Drive 64GB,1,225.51,0.15,Jordan Lee,,,,
ORD-442,06/05/2026,Vandelay Industries,South,Furniture,Filing Cabinet,5,53.73,0.15,Sam Okafor,,,,
ORD-443,10/31/2026,Soylent Corp,E,Electronics,"Monitor 27""",11,38.06,0,Maria Chen,,,,
ORD-444,07/23/2026,Soylent Corp,South,Office Supplies,Tape Dispenser,7,45.95,0.05,Maria Chen,,,,
ORD-445,11/11/2026,Pied Piper,North,Office Supplies,Desk Organizer,19,11.7,0.15,Sam Okafor,,,,
ORD-446,07/06/2026,TechNova,North,Electronics,Laptop Stand,20,289.33,0.2,Maria Chen,,,,
ORD-447,03/15/2026,Pied Piper,South,Electronics,USB-C Hub,4,261.45,0.05,Maria Chen,,,,
ORD-448,03/16/2026,Acme Corp,East,Office Supplies,Highlighter Set,16,5.95,0.05,Maria Chen,,,,
ORD-449,04/18/2026,Dunder Mifflin,W,Furniture,Monitor Arm,1,207,0,Alex Kim,,,,
ORD-450,03/28/2026,TechNova,East,Office Supplies,Notebook Pack,3,37.41,0.1,Alex Kim,,,,
ORD-451,02/25/2026,Cyberdyne Systems,S,Furniture,Ergonomic Chair,11,257.78,0,Priya Sharma,,,,
ORD-452,04/11/2026,Acme Corp,North,Furniture,Bookshelf,11,260.26,0,Jordan Lee,,,,
ORD-453,06/26/2026,Wonka Industries,South,Electronics,Webcam HD,13,312.73,0,Maria Chen,,,,
ORD-454,05/23/2026,Cyberdyne Systems,South,Furniture,Footrest,17,481.47,0.05,Sam Okafor,,,,
ORD-455,05/03/2026,Wonka Industries,E,Furniture,Monitor Arm,7,336.65,0.05,Priya Sharma,,,,
ORD-456,06/07/2026,Stark Ind,West,Furniture,Coat Rack,6,179.21,0,Priya Sharma,,,,
ORD-457,11/06/2026,Acme Corp,E,Office Supplies,Binder Clips,15,68.11,0.1,Priya Sharma,,,,
ORD-458,04/06/2026,TechNova,East,Furniture,Filing Cabinet,8,353.06,0.1,Jordan Lee,,,,
ORD-459,12/18/2026,TechNova,West,Electronics,HDMI Cable,16,171.1,0,Priya Sharma,,,,
ORD-460,04/25/2026,Acme Corp,E,Electronics,Keyboard,7,32.48,0.2,Maria Chen,,,,
ORD-461,09/07/2026,Pied Piper,W,Electronics,USB Drive 64GB,13,254.86,0.15,Maria Chen,,,,
ORD-462,10/19/2026,Globex Inc,N,Office Supplies,Notebook Pack,8,48.6,0.15,Jordan Lee,,,,
ORD-463,10/12/2026,Globex Inc,South,Office Supplies,Paper Ream,10,70.53,0.1,Sam Okafor,,,,
ORD-464,03/26/2026,Globex Inc,S,Furniture,Cable Tray,3,369.63,0,Priya Sharma,,,,
ORD-465,10/26/2026,Stark Ind,W,Office Supplies,Highlighter Set,1,19.37,0.05,Sam Okafor,,,,
ORD-466,02/16/2026,Wayne Enterprises,North,Electronics,Power Bank,12,38.99,0.15,Maria Chen,,,,
ORD-467,11/09/2026,Cyberdyne Systems,North,Office Supplies,Scissors,5,17.93,0,Priya Sharma,,,,
ORD-468,12/30/2026,Massive Dynamic,East,Electronics,"Monitor 27""",7,11.19,0.1,Jordan Lee,,,,
ORD-469,08/22/2026,Acme Corp,West,Electronics,USB Drive 64GB,16,164.26,0.2,Jordan Lee,,,,
ORD-470,11/03/2026,Bluth Company,East,Electronics,"Monitor 27""",5,28.71,0.1,Jordan Lee,,,,
ORD-471,03/15/2026,TechNova,East,Electronics,Wireless Mouse,4,151.76,0,Priya Sharma,,,,
ORD-472,12/10/2026,TechNova,S,Furniture,Coat Rack,12,467.79,0,Alex Kim,,,,
ORD-473,06/14/2026,Initech,W,Electronics,Webcam HD,16,55.74,0.1,Alex Kim,,,,
ORD-474,09/26/2026,Hooli,North,Furniture,Drawer Unit,3,257.31,0.1,Sam Okafor,,,,
ORD-475,07/11/2026,Vandelay Industries,East,Furniture,Coat Rack,16,274.25,0.2,Sam Okafor,,,,
ORD-476,04/02/2026,Wonka Industries,South,Electronics,Wireless Mouse,15,222.65,0,Priya Sharma,,,,
ORD-477,11/11/2026,Oceanic Airlines,East,Electronics,Keyboard,10,96.49,0,Alex Kim,,,,
ORD-478,06/02/2026,Acme Corp,North,Office Supplies,Paper Ream,19,56.97,0,Priya Sharma,,,,
ORD-479,04/09/2026,Prestige Worldwide,West,Furniture,Monitor Arm,16,103.02,0.2,Maria Chen,,,,
ORD-480,06/20/2026,Globex Inc,East,Furniture,Drawer Unit,1,127.87,0.1,Alex Kim,,,,
ORD-481,02/03/2026,Acme Corp,E,Furniture,Drawer Unit,6,298.35,0.15,Priya Sharma,,,,
ORD-482,10/31/2026,Wonka Industries,East,Office Supplies,Paper Ream,3,46.74,0.05,Alex Kim,,,,
ORD-483,08/19/2026,Sterling Cooper,East,Electronics,Laptop Stand,2,274.44,0,Sam Okafor,,,,
ORD-484,09/16/2026,Sterling Cooper,South,Office Supplies,Highlighter Set,17,30.68,0.1,Priya Sharma,,,,
ORD-485,02/20/2026 ,Stark Ind,South,Office Supplies,Paper Ream,17,13.95,0.1,Jordan Lee,,,,
ORD-486,12/17/2026,Oceanic Airlines,West,Electronics,Bluetooth Speaker,10,17.63,0.1,Priya Sharma,,,,
ORD-487,06/13/2026,Bluth Company,E,Furniture,Ergonomic Chair,9,100.17,0.1,Jordan Lee,,,,
ORD-488,01/08/2026,Umbrella LLC,South,Furniture,Desk Lamp,9,96.52,0.1,Maria Chen,,,,
ORD-489,05/05/2026,Oceanic Airlines,West,Electronics,Wireless Mouse,16,317.11,0,Jordan Lee,,,,
ORD-490,07/15/2026,Wayne Enterprises,W,Office Supplies,Binder Clips,11,74.29,0,Sam Okafor,,,,
ORD-491,10/17/2026,Massive Dynamic,N,Office Supplies,Highlighter Set,16,23.92,0.05,Priya Sharma,,,,
ORD-492,11/11/2026,Wayne Enterprises,East,Office Supplies,Highlighter Set,1,9.61,0,Alex Kim,,,,
ORD-493,09/02/2026,Tyrell Corp,South,Office Supplies,Pen Set,11,51.82,0,Alex Kim,,,,
ORD-494,09/29/2026,Pied Piper,South,Office Supplies,Paper Ream,3,33.29,0.15,Sam Okafor,,,,
ORD-495,10/17/2026,Pied Piper,South,Furniture,Coat Rack,16,83.72,0.2,Alex Kim,,,,
ORD-496,10/11/2026,Wonka Industries,West,Furniture,Ergonomic Chair,20,392.52,0.15,Alex Kim,,,,
ORD-497,09/10/2026,Hooli,South,Electronics,"Monitor 27""",15,190.62,0.15,Maria Chen,,,,
ORD-498,10/22/2026,Oceanic Airlines,East,Office Supplies,Desk Organizer,3,54.1,0.15,Priya Sharma,,,,
ORD-499,05/30/2026,Globex Inc,N,Office Supplies,Pen Set,10,78.44,0.05,Sam Okafor,,,,
ORD-500,12/25/2026,Cyberdyne Systems,W,Office Supplies,Tape Dispenser,7,60.96,0.2,Priya Sharma,,,,
